,Station,latitude,longitude,html
0,CAL1,35.632032,-98.030305,http://wichita.ogs.ou.edu/eq/heliplot/CAL1.png
1,CALT,35.6719,-98.2205,http://wichita.ogs.ou.edu/eq/heliplot/CALT.png
2,CHAN,35.652956,-96.785491,http://wichita.ogs.ou.edu/eq/heliplot/CHAN.png
3,CRES,36.037118,-97.534468,http://wichita.ogs.ou.edu/eq/heliplot/CRES.png
4,CVNG,36.3183,-97.4347,http://wichita.ogs.ou.edu/eq/heliplot/CVNG.png
5,DUST,35.2803,-96.1087,http://wichita.ogs.ou.edu/eq/heliplot/DUST.png
6,ERNS,35.4243,-98.0293,http://wichita.ogs.ou.edu/eq/heliplot/ERNS.png
7,FW07,36.44981,-98.801017,http://wichita.ogs.ou.edu/eq/heliplot/FW07.png
8,KS01,37.15342,-97.75897,http://wichita.ogs.ou.edu/eq/heliplot/KS01.png
9,KS08,37.22672,-97.970947,http://wichita.ogs.ou.edu/eq/heliplot/KS08.png
10,KS13,37.012881,-97.477803,http://wichita.ogs.ou.edu/eq/heliplot/KS13.png
11,POCA,35.217682,-98.075301,http://wichita.ogs.ou.edu/eq/heliplot/POCA.png
12,PW05,36.48506,-96.964153,http://wichita.ogs.ou.edu/eq/heliplot/PW05.png
13,PW06,36.42073,-96.972008,http://wichita.ogs.ou.edu/eq/heliplot/PW06.png
14,PW10,36.365555,-96.831053,http://wichita.ogs.ou.edu/eq/heliplot/PW10.png
15,PW19,36.56854,-97.035507,http://wichita.ogs.ou.edu/eq/heliplot/PW19.png
16,SAND,36.0576,-96.2499,http://wichita.ogs.ou.edu/eq/heliplot/SAND.png
17,SC04,34.36356,-97.473422,http://wichita.ogs.ou.edu/eq/heliplot/SC04.png
18,SC09,34.5451,-97.3657,http://wichita.ogs.ou.edu/eq/heliplot/SC09.png
19,SC10,35.422563,-98.271427,http://wichita.ogs.ou.edu/eq/heliplot/SC10.png
20,SC12,34.921667,-99.3547,http://wichita.ogs.ou.edu/eq/heliplot/SC12.png
21,SC14,34.452052,-98.243927,http://wichita.ogs.ou.edu/eq/heliplot/SC14.png
22,SC15,35.606645,-99.50059,http://wichita.ogs.ou.edu/eq/heliplot/SC15.png
23,SC16,35.974933,-98.815308,http://wichita.ogs.ou.edu/eq/heliplot/SC16.png
24,SC17,34.915886,-97.598334,http://wichita.ogs.ou.edu/eq/heliplot/SC17.png
25,SC20,35.4027,-98.4409,http://wichita.ogs.ou.edu/eq/heliplot/SC20.png
26,TUTT,35.238272,-97.755588,http://wichita.ogs.ou.edu/eq/heliplot/TUTT.png
27,UCTY,35.39033,-97.91585,http://wichita.ogs.ou.edu/eq/heliplot/UCTY.png
28,YUKO,35.5384,-97.8606,http://wichita.ogs.ou.edu/eq/heliplot/YUKO.png
29,ALVA,36.86954,-98.793145,http://wichita.ogs.ou.edu/eq/heliplot/ALVA.png
30,AMES,36.335587,-98.192787,http://wichita.ogs.ou.edu/eq/heliplot/AMES.png
31,ARC2,35.743125,-97.272553,http://wichita.ogs.ou.edu/eq/heliplot/ARC2.png
32,BAUM,34.252621,-97.022168,http://wichita.ogs.ou.edu/eq/heliplot/BAUM.png
33,BEBE,34.866666,-96.752861,http://wichita.ogs.ou.edu/eq/heliplot/BEBE.png
34,BIBY,36.748168,-98.016588,http://wichita.ogs.ou.edu/eq/heliplot/BIBY.png
35,BILL,35.783543,-98.036171,http://wichita.ogs.ou.edu/eq/heliplot/BILL.png
36,BLAN,35.177221,-97.72219,http://wichita.ogs.ou.edu/eq/heliplot/BLAN.png
37,BLOK,36.760615,-97.215026,http://wichita.ogs.ou.edu/eq/heliplot/BLOK.png
38,BLUF,35.65666,-97.60933,http://wichita.ogs.ou.edu/eq/heliplot/BLUF.png
39,BOBW,35.070298,-97.087342,http://wichita.ogs.ou.edu/eq/heliplot/BOBW.png
40,BOZZ,34.084043,-95.888371,http://wichita.ogs.ou.edu/eq/heliplot/BOZZ.png
41,BREW,34.451276,-97.665686,http://wichita.ogs.ou.edu/eq/heliplot/BREW.png
42,BUCK,35.165315,-94.70687,http://wichita.ogs.ou.edu/eq/heliplot/BUCK.png
43,CAVE,34.744118,-96.701275,http://wichita.ogs.ou.edu/eq/heliplot/CAVE.png
44,CHAB,36.021265,-97.122593,http://wichita.ogs.ou.edu/eq/heliplot/CHAB.png
45,CHIC,35.089661,-97.912778,http://wichita.ogs.ou.edu/eq/heliplot/CHIC.png
46,CHOK,35.561127,-97.061303,http://wichita.ogs.ou.edu/eq/heliplot/CHOK.png
47,COLE,35.06673,-97.53418,http://wichita.ogs.ou.edu/eq/heliplot/COLE.png
48,CROK,36.504737,-97.983354,http://wichita.ogs.ou.edu/eq/heliplot/CROK.png
49,CSTR,35.645556,-98.688889,http://wichita.ogs.ou.edu/eq/heliplot/CSTR.png
50,DAVD,35.544136,-98.129398,http://wichita.ogs.ou.edu/eq/heliplot/DAVD.png
51,DEMC,33.938266,-96.4004,http://wichita.ogs.ou.edu/eq/heliplot/DEMC.png
52,DEOK,35.842652,-96.498262,http://wichita.ogs.ou.edu/eq/heliplot/DEOK.png
53,DOVR,35.954333,-97.988182,http://wichita.ogs.ou.edu/eq/heliplot/DOVR.png
54,DRIP,35.6127,-96.065,http://wichita.ogs.ou.edu/eq/heliplot/DRIP.png
55,DUST,35.280238,-96.108686,http://wichita.ogs.ou.edu/eq/heliplot/DUST.png
56,ELI2,36.048211,-99.43687,http://wichita.ogs.ou.edu/eq/heliplot/ELI2.png
57,ELIS,36.065254,-99.418043,http://wichita.ogs.ou.edu/eq/heliplot/ELIS.png
58,ELKC,35.382023,-99.415203,http://wichita.ogs.ou.edu/eq/heliplot/ELKC.png
59,FISK,36.502303,-97.508893,http://wichita.ogs.ou.edu/eq/heliplot/FISK.png
60,FNO,35.25738,-97.40115,http://wichita.ogs.ou.edu/eq/heliplot/FNO.png
61,FREE,36.930116,-99.270593,http://wichita.ogs.ou.edu/eq/heliplot/FREE.png
62,FW01,36.494623,-98.94077,http://wichita.ogs.ou.edu/eq/heliplot/FW01.png
63,FW03,36.52687,-99.17294,http://wichita.ogs.ou.edu/eq/heliplot/FW03.png
64,FW04,36.596043,-98.665524,http://wichita.ogs.ou.edu/eq/heliplot/FW04.png
65,FW05,36.479405,-98.605389,http://wichita.ogs.ou.edu/eq/heliplot/FW05.png
66,FW06,36.51381,-98.499048,http://wichita.ogs.ou.edu/eq/heliplot/FW06.png
67,FW09,36.550787,-99.040665,http://wichita.ogs.ou.edu/eq/heliplot/FW09.png
68,FW10,36.505993,-98.71849,http://wichita.ogs.ou.edu/eq/heliplot/FW10.png
69,GC02,36.8515,-97.85959,http://wichita.ogs.ou.edu/eq/heliplot/GC02.png
70,GORE,36.785632,-97.947062,http://wichita.ogs.ou.edu/eq/heliplot/GORE.png
71,GRAY,34.146911,-97.352816,http://wichita.ogs.ou.edu/eq/heliplot/GRAY.png
72,HARD,34.905778,-96.035815,http://wichita.ogs.ou.edu/eq/heliplot/HARD.png
73,HEAL,34.31632,-97.531846,http://wichita.ogs.ou.edu/eq/heliplot/HEAL.png
74,HEWI,37.048825,-96.408082,http://wichita.ogs.ou.edu/eq/heliplot/HEWI.png
75,HOLD,35.801445,-97.43569,http://wichita.ogs.ou.edu/eq/heliplot/HOLD.png
76,HTCH,36.017058,-98.332692,http://wichita.ogs.ou.edu/eq/heliplot/HTCH.png
77,KENA,35.893203,-97.442636,http://wichita.ogs.ou.edu/eq/heliplot/KENA.png
78,KIRK,35.8266,-98.670018,http://wichita.ogs.ou.edu/eq/heliplot/KIRK.png
79,LAZY,35.094423,-97.604785,http://wichita.ogs.ou.edu/eq/heliplot/LAZY.png
80,LEXS,36.73363,-101.47511,http://wichita.ogs.ou.edu/eq/heliplot/LEXS.png
81,LOOK,33.992427,-97.17999,http://wichita.ogs.ou.edu/eq/heliplot/LOOK.png
82,MADI,34.12727,-96.888553,http://wichita.ogs.ou.edu/eq/heliplot/MADI.png
83,MAPL,37.05707,-96.80499,http://wichita.ogs.ou.edu/eq/heliplot/MAPL.png
84,MILO,34.330615,-97.332711,http://wichita.ogs.ou.edu/eq/heliplot/MILO.png
85,MRSH,36.13231,-97.69548,http://wichita.ogs.ou.edu/eq/heliplot/MRSH.png
86,MUST,35.412795,-97.761201,http://wichita.ogs.ou.edu/eq/heliplot/MUST.png
87,NETT,35.905243,-97.674425,http://wichita.ogs.ou.edu/eq/heliplot/NETT.png
88,NIEM,35.624043,-97.874341,http://wichita.ogs.ou.edu/eq/heliplot/NIEM.png
89,NOKA,36.63468,-98.93193,http://wichita.ogs.ou.edu/eq/heliplot/NOKA.png
90,OKAR,35.724116,-98.122465,http://wichita.ogs.ou.edu/eq/heliplot/OKAR.png
91,OWEN,35.595985,-97.755671,http://wichita.ogs.ou.edu/eq/heliplot/OWEN.png
92,PERY,36.26001,-97.235063,http://wichita.ogs.ou.edu/eq/heliplot/PERY.png
93,PW01,36.401833,-96.929266,http://wichita.ogs.ou.edu/eq/heliplot/PW01.png
94,PW10,36.36557,-96.83104,http://wichita.ogs.ou.edu/eq/heliplot/PW10.png
95,PW13,36.328488,-96.817845,http://wichita.ogs.ou.edu/eq/heliplot/PW13.png
96,PW17,36.245381,-96.7002,http://wichita.ogs.ou.edu/eq/heliplot/PW17.png
97,PW18,36.278995,-97.044228,http://wichita.ogs.ou.edu/eq/heliplot/PW18.png
98,PW21,36.368846,-96.777113,http://wichita.ogs.ou.edu/eq/heliplot/PW21.png
99,PW30,36.416916,-96.821733,http://wichita.ogs.ou.edu/eq/heliplot/PW30.png
100,QUIN,35.2021,-95.4692,http://wichita.ogs.ou.edu/eq/heliplot/QUIN.png
101,QUOK,36.171423,-96.707911,http://wichita.ogs.ou.edu/eq/heliplot/QUOK.png
102,RICK,35.99671,-98.47475,http://wichita.ogs.ou.edu/eq/heliplot/RICK.png
103,RLO2,36.168056,-95.0275,http://wichita.ogs.ou.edu/eq/heliplot/RLO2.png
104,ROFF,34.665253,-96.85433,http://wichita.ogs.ou.edu/eq/heliplot/ROFF.png
105,ROSS,36.947236,-99.866688,http://wichita.ogs.ou.edu/eq/heliplot/ROSS.png
106,ROYM,35.612176,-98.01279,http://wichita.ogs.ou.edu/eq/heliplot/ROYM.png
107,SAND,36.057605,-96.249926,http://wichita.ogs.ou.edu/eq/heliplot/SAND.png
108,SAYRE,35.411686,-99.705453,http://wichita.ogs.ou.edu/eq/heliplot/SAYRE.png
109,SC01,35.18467,-97.820268,http://wichita.ogs.ou.edu/eq/heliplot/SC01.png
110,SC02,34.797728,-97.38899,http://wichita.ogs.ou.edu/eq/heliplot/SC02.png
111,SC03,34.940115,-97.848971,http://wichita.ogs.ou.edu/eq/heliplot/SC03.png
112,SC07,34.933706,-98.214031,http://wichita.ogs.ou.edu/eq/heliplot/SC07.png
113,SC08,34.687273,-96.393077,http://wichita.ogs.ou.edu/eq/heliplot/SC08.png
114,SC11,35.182585,-98.740646,http://wichita.ogs.ou.edu/eq/heliplot/SC11.png
115,SC19,36.220151,-97.843067,http://wichita.ogs.ou.edu/eq/heliplot/SC19.png
116,SC20,35.4027,-98.4409,http://wichita.ogs.ou.edu/eq/heliplot/SC20.png
117,SHAW,35.281133,-96.842048,http://wichita.ogs.ou.edu/eq/heliplot/SHAW.png
118,SMNL,35.29415,-96.56492,http://wichita.ogs.ou.edu/eq/heliplot/SMNL.png
119,SMO,35.523142,-97.474662,http://wichita.ogs.ou.edu/eq/heliplot/SMO.png
120,SPEN,34.119171,-95.317193,http://wichita.ogs.ou.edu/eq/heliplot/SPEN.png
121,SPLD,35.030903,-96.430798,http://wichita.ogs.ou.edu/eq/heliplot/SPLD.png
122,SPRA,35.709986,-97.606371,http://wichita.ogs.ou.edu/eq/heliplot/SPRA.png
123,STIG,35.3406,-95.1056,http://wichita.ogs.ou.edu/eq/heliplot/STIG.png
124,STRB,35.863341,-97.251549,http://wichita.ogs.ou.edu/eq/heliplot/STRB.png
125,SWTZ,35.63373,-98.155505,http://wichita.ogs.ou.edu/eq/heliplot/SWTZ.png
126,TASC,35.518,-96.750436,http://wichita.ogs.ou.edu/eq/heliplot/TASC.png
127,TG11,35.269013,-97.814551,http://wichita.ogs.ou.edu/eq/heliplot/TG11.png
128,TISH,34.44016,-96.5436,http://wichita.ogs.ou.edu/eq/heliplot/TISH.png
129,TUTL,35.317891,-97.768146,http://wichita.ogs.ou.edu/eq/heliplot/TUTL.png
130,U32A,36.3795,-99.0014,http://wichita.ogs.ou.edu/eq/heliplot/U32A.png
131,VIAN,35.620263,-95.022125,http://wichita.ogs.ou.edu/eq/heliplot/VIAN.png
132,W35A,35.15274,-96.87453,http://wichita.ogs.ou.edu/eq/heliplot/W35A.png
133,WADE,34.148858,-97.61923,http://wichita.ogs.ou.edu/eq/heliplot/WADE.png
134,WELL,35.792833,-97.062435,http://wichita.ogs.ou.edu/eq/heliplot/WELL.png
135,WILZ,35.536111,-96.737778,http://wichita.ogs.ou.edu/eq/heliplot/WILZ.png
136,WINA,35.335403,-97.921441,http://wichita.ogs.ou.edu/eq/heliplot/WINA.png
137,WLB2,34.946194,-95.387417,http://wichita.ogs.ou.edu/eq/heliplot/WLB2.png
138,X34A,34.60102,-97.83256,http://wichita.ogs.ou.edu/eq/heliplot/X34A.png
139,X37A,34.5892,-95.3713,http://wichita.ogs.ou.edu/eq/heliplot/X37A.png
